{
  "people": [{
    "name": "Jan Blaha",
    "age": 31,
    "gender": "male"
  }, {
    "name": "Paule Noic",
    "age": 24,
    "gender": "female"
  }, {
    "name": "Trent Menzor",
    "age": 51,
    "gender": "male"
  }, {
    "name": "Gury Misneer",
    "age": 72,
    "gender": "male"
  }, {
    "name": "Linda Blend",
    "age": 11,
    "gender": "male"
  }, {
    "name": "Milan Novak",
    "age": 9,
    "gender": "male"
  }, {
    "name": "Peter Gabriel",
    "age": 48,
    "gender": "male"
  }, {
    "name": "Fidol Gutz",
    "age": 15,
    "gender": "male"
  }, {
    "name": "Katerina Miska",
    "age": 69,
    "gender": "female"
  }]
}
